Pascoal Francisco,M,eddy@gmail.com,380934536529,odivelas,pc razer
Alina Yerusalimets,F,aly@outlook.com,3809457391,lviv,romance book
M,eddy@gmail.com,380934536529,odivelas,Wrestling bikini
Olena Kolybanich,F,olena@yahoo.com.ua,3809457391,lviv,Note Book
Naido Armando,M,sanyder@yahoo.com,903524172838,porto,BMW 2018 SP
Sally Rose,F,sallyNath@outlook.com,356748294672,luanda,gross zara
Lana Seredbyak,F,lyamur@outlook.com,38091234567,Lviv,pc razer
Naruto Uzumaki,M,nanuBaka@gmail.com,380934536529,odivelas,pc razer
Alina Yerusalimets,F,aly@outlook.com,3809457391
Razor Ramon,M,eddy@gmail.com,380934536529,odivelas,Wrestling bikini
Madara Uchiha,M,olena@yahoo.com.ua,3809457391,lviv,Note Book
Naido Armando,M,sanyder@yahoo.com,903524172838,porto,BMW 2018 SP
Sally Rose,F,sallyNath@outlook.com,356748294672,luanda,gross zara
Lana Seredbyak,F,lyamur@outlook.com,38091234567,Lviv,pc razer
Pascoal Francisco,M,eddy@gmail.com,380934536529,odivelas,pc razer
Alina Yerusalimets,F,aly@outlook.com,3809457391,lviv,romance book
Razor Ramon,M,eddy@gmail.com,380934536529,odivelas,Wrestling bikini
Olena Kolybanich,F,olena@yahoo.com.ua,3809457391,lviv,Note Book
Naido Armando,M,sanyder@yahoo.com,903524172838,porto,BMW 2018 SP
Sally Rose,F,sallyNath@outlook.com,356748294672,luanda,gross zara
Sasuke Uchiha,M,SadSassuke@outlook.com,38091234567,Lviv,pc razer